{
  "annotations": {
    "list": [
      {
        "builtIn": 1,
        "datasource": "-- Grafana --",
        "enable": true,
        "hide": true,
        "iconColor": "rgba(0, 211, 255, 1)",
        "limit": 100,
        "name": "Annotations & Alerts",
        "showIn": 0,
        "type": "dashboard"
      }
    ]
  },
  "description": "Generic dashboard for Quarkus apps",
  "editable": true,
  "gnetId": null,
  "graphTooltip": 1,
  "id": 5326,
  "iteration": 1601818344705,
  "links": [
    {
      "icon": "external link",
      "tags": [],
      "title": "Sources",
      "type": "link",
      "url": "https://github.com/lwitkowski/quarkus-grafana-dashboard"
    }
  ],
  "panels": [
    {
      "collapsed": false,
      "datasource": null,
      "gridPos": {
        "h": 1,
        "w": 24,
        "x": 0,
        "y": 0
      },
      "id": 125,
      "panels": [],
      "repeat": null,
      "title": "Quick Facts",
      "type": "row"
    },
    {
      "cacheTimeout": null,
      "datasource": "${DS_PROMETHEUS}",
      "fieldConfig": {
        "defaults": {
          "custom": {},
          "decimals": 1,
          "mappings": [
            {
              "id": 0,
              "op": "=",
              "text": "N/A",
              "type": 1,
              "value": "null"
            }
          ],
          "nullValueMode": "connected",
          "thresholds": {
            "mode": "absolute",
            "steps": [
              {
                "color": "red",
                "value": null
              },
              {
                "color": "green",
                "value": 300
              }
            ]
          },
          "unit": "s"
        },
        "overrides": []
      },
      "gridPos": {
        "h": 3,
        "w": 3,
        "x": 0,
        "y": 1
      },
      "id": 63,
      "interval": null,
      "links": [],
      "maxDataPoints": 100,
      "options": {
        "colorMode": "value",
        "fieldOptions": {
          "calcs": [
            "lastNotNull"
          ]
        },
        "graphMode": "none",
        "justifyMode": "auto",
        "orientation": "horizontal",
        "reduceOptions": {
          "calcs": [
            "lastNotNull"
          ],
          "fields": "",
          "values": false
        },
        "textMode": "auto"
      },
      "pluginVersion": "7.2.1",
      "targets": [
        {
          "expr": "sum(base_jvm_uptime_seconds{pod=\"$instance\"})",
          "format": "time_series",
          "interval": "",
          "intervalFactor": 2,
          "legendFormat": "",
          "metric": "",
          "refId": "A",
          "step": 14400
        }
      ],
      "title": "Uptime",
      "type": "stat"
    },
    {
      "datasource": "$DS_PROMETHEUS",
      "description": "Usage for the JVM process. 100% means that all CPUs were actively running threads from the JVM",
      "fieldConfig": {
        "defaults": {
          "custom": {
            "align": null
          },
          "decimals": 2,
          "mappings": [],
          "thresholds": {
            "mode": "absolute",
            "steps": [
              {
                "color": "green",
                "value": null
              },
              {
                "color": "red",
                "value": 80
              }
            ]
          },
          "unit": "percentunit"
        },
        "overrides": []
      },
      "gridPos": {
        "h": 3,
        "w": 2,
        "x": 3,
        "y": 1
      },
      "id": 140,
      "options": {
        "orientation": "auto",
        "reduceOptions": {
          "calcs": [
            "lastNotNull"
          ],
          "fields": "",
          "values": false
        },
        "showThresholdLabels": false,
        "showThresholdMarkers": true
      },
      "pluginVersion": "7.2.1",
      "targets": [
        {
          "expr": "sum(base_cpu_processCpuLoad_percent{pod=\"$instance\"})",
          "format": "time_series",
          "interval": "",
          "legendFormat": " ",
          "refId": "A"
        }
      ],
      "timeFrom": null,
      "timeShift": null,
      "title": "CPU",
      "type": "gauge"
    },
    {
      "cacheTimeout": null,
      "datasource": "${DS_PROMETHEUS}",
      "description": "Used / max heap memory",
      "fieldConfig": {
        "defaults": {
          "custom": {},
          "decimals": 0,
          "mappings": [
            {
              "id": 0,
              "op": "=",
              "text": "N/A",
              "type": 1,
              "value": "null"
            }
          ],
          "nullValueMode": "connected",
          "thresholds": {
            "mode": "absolute",
            "steps": [
              {
                "color": "rgba(50, 172, 45, 0.97)",
                "value": null
              },
              {
                "color": "rgba(237, 129, 40, 0.89)",
                "value": 70
              },
              {
                "color": "rgba(245, 54, 54, 0.9)",
                "value": 90
              }
            ]
          },
          "unit": "percent"
        },
        "overrides": []
      },
      "gridPos": {
        "h": 3,
        "w": 2,
        "x": 5,
        "y": 1
      },
      "id": 65,
      "interval": null,
      "links": [],
      "maxDataPoints": 100,
      "options": {
        "orientation": "horizontal",
        "reduceOptions": {
          "calcs": [
            "lastNotNull"
          ],
          "fields": "",
          "values": false
        },
        "showThresholdLabels": false,
        "showThresholdMarkers": true
      },
      "pluginVersion": "7.2.1",
      "targets": [
        {
          "expr": "sum(base_memory_usedHeap_bytes{pod=\"$instance\"}*100/base_memory_maxHeap_bytes{pod=\"$instance\"})",
          "format": "time_series",
          "interval": "",
          "intervalFactor": 2,
          "legendFormat": " ",
          "refId": "A",
          "step": 14400
        }
      ],
      "timeFrom": null,
      "timeShift": null,
      "title": "Mem",
      "type": "gauge"
    },
    {
      "cacheTimeout": null,
      "datasource": "${DS_PROMETHEUS}",
      "description": "HTTP stats in selected time range for all instances in a cluster.\n\nPlease mind that response time displayed here is measured inside JVM, it is not full end to end latency your users see, which can be few times bigger.\n\nAdd this to your application.properties first:\nquarkus.resteasy.metrics.enabled=true",
      "fieldConfig": {
        "defaults": {
          "custom": {
            "align": null
          },
          "decimals": 1,
          "mappings": [
            {
              "id": 0,
              "op": "=",
              "text": "N/A",
              "type": 1,
              "value": "null"
            }
          ],
          "noValue": "0",
          "nullValueMode": "connected",
          "thresholds": {
            "mode": "absolute",
            "steps": [
              {
                "color": "rgba(50, 172, 45, 0.97)",
                "value": null
              }
            ]
          },
          "unit": "short"
        },
        "overrides": [
          {
            "matcher": {
              "id": "byName",
              "options": "Avg response time"
            },
            "properties": [
              {
                "id": "unit",
                "value": "s"
              },
              {
                "id": "decimals",
                "value": 0
              }
            ]
          }
        ]
      },
      "gridPos": {
        "h": 3,
        "w": 5,
        "x": 7,
        "y": 1
      },
      "id": 155,
      "interval": null,
      "links": [],
      "maxDataPoints": 100,
      "options": {
        "colorMode": "value",
        "graphMode": "none",
        "justifyMode": "auto",
        "orientation": "auto",
        "reduceOptions": {
          "calcs": [
            "last"
          ],
          "fields": "",
          "values": false
        },
        "textMode": "auto"
      },
      "pluginVersion": "7.2.1",
      "targets": [
        {
          "expr": "round(sum(increase(base_REST_request_total{namespace=\"$namespace\", service=\"$service\", env=\"$env\"}[$__range])))",
          "format": "time_series",
          "hide": false,
          "instant": false,
          "interval": "",
          "intervalFactor": 1,
          "legendFormat": "Total requests",
          "refId": "A",
          "step": 14400
        },
        {
          "expr": "round(sum(increase(application_http_request_total{namespace=\"$namespace\", service=\"$service\", env=\"$env\"}[$__range])))",
          "hide": false,
          "interval": "",
          "legendFormat": "Total requests",
          "refId": "B"
        },
        {
          "expr": "sum(increase(base_REST_request_elapsedTime_seconds{namespace=\"$namespace\", service=\"$service\", env=\"$env\"}[$__range])) / sum(increase(base_REST_request_total{namespace=\"$namespace\", service=\"$service\", env=\"$env\"}[$__range]))",
          "interval": "",
          "legendFormat": "Avg response time",
          "refId": "C"
        },
        {
          "expr": "sum(increase(application_http_request_elapsedTime_seconds{namespace=\"$namespace\", service=\"$service\", env=\"$env\"}[$__range])) / sum(increase(application_http_request_total{namespace=\"$namespace\", service=\"$service\", env=\"$env\"}[$__range]))",
          "interval": "",
          "legendFormat": "Avg response time",
          "refId": "D"
        }
      ],
      "timeFrom": null,
      "timeShift": null,
      "title": "HTTP (cluster)",
      "type": "stat"
    },
    {
      "cacheTimeout": null,
      "datasource": "${DS_PROMETHEUS}",
      "description": "Add this to your application.properties first:\nquarkus.datasource.metrics.enabled=true",
      "fieldConfig": {
        "defaults": {
          "custom": {},
          "decimals": 0,
          "mappings": [
            {
              "id": 0,
              "op": "=",
              "text": "N/A",
              "type": 1,
              "value": "null"
            }
          ],
          "nullValueMode": "connected",
          "thresholds": {
            "mode": "absolute",
            "steps": [
              {
                "color": "rgba(50, 172, 45, 0.97)",
                "value": null
              },
              {
                "color": "rgba(237, 129, 40, 0.89)",
                "value": 10
              },
              {
                "color": "rgba(245, 54, 54, 0.9)",
                "value": 15
              }
            ]
          },
          "unit": "short"
        },
        "overrides": [
          {
            "matcher": {
              "id": "byName",
              "options": "Leaks"
            },
            "properties": [
              {
                "id": "thresholds",
                "value": {
                  "mode": "absolute",
                  "steps": [
                    {
                      "color": "green",
                      "value": null
                    },
                    {
                      "color": "red",
                      "value": 1
                    }
                  ]
                }
              }
            ]
          },
          {
            "matcher": {
              "id": "byName",
              "options": "Acquire count"
            },
            "properties": [
              {
                "id": "thresholds",
                "value": {
                  "mode": "absolute",
                  "steps": [
                    {
                      "color": "green",
                      "value": null
                    }
                  ]
                }
              }
            ]
          }
        ]
      },
      "gridPos": {
        "h": 3,
        "w": 5,
        "x": 12,
        "y": 1
      },
      "id": 145,
      "interval": null,
      "links": [],
      "maxDataPoints": 100,
      "options": {
        "displayMode": "gradient",
        "orientation": "auto",
        "reduceOptions": {
          "calcs": [
            "lastNotNull"
          ],
          "fields": "",
          "values": false
        },
        "showUnfilled": true
      },
      "pluginVersion": "7.2.1",
      "targets": [
        {
          "expr": "sum(vendor_agroal_active_count{pod=\"$instance\"})",
          "format": "time_series",
          "interval": "",
          "intervalFactor": 3,
          "legendFormat": "Active",
          "refId": "A",
          "step": 14400
        },
        {
          "expr": "sum(vendor_agroal_available_count{pod=\"$instance\"})",
          "interval": "",
          "legendFormat": "Idle",
          "refId": "B"
        },
        {
          "expr": "sum(vendor_agroal_max_used_count{pod=\"$instance\"})",
          "interval": "",
          "legendFormat": "Max",
          "refId": "C"
        },
        {
          "expr": "sum(vendor_agroal_leak_detection_count_total{pod=\"$instance\"})",
          "interval": "",
          "legendFormat": "Leaks",
          "refId": "D"
        },
        {
          "expr": "sum(round(increase(vendor_agroal_acquire_count_total{pod=\"$instance\"}[$__range])))",
          "interval": "",
          "legendFormat": "Acquire count",
          "refId": "E"
        }
      ],
      "timeFrom": null,
      "timeShift": null,
      "title": "Database",
      "type": "bargauge"
    },
    {
      "collapsed": false,
      "datasource": null,
      "gridPos": {
        "h": 1,
        "w": 24,
        "x": 0,
        "y": 4
      },
      "id": 147,
      "panels": [],
      "title": "HTTP (cluster)",
      "type": "row"
    },
    {
      "aliasColors": {},
      "bars": false,
      "dashLength": 10,
      "dashes": false,
      "datasource": "$DS_PROMETHEUS",
      "description": "HTTP avg requests/minute for all instances in a cluster.\n\nAdd this to your application.properties first:\nquarkus.resteasy.metrics.enabled=true",
      "fieldConfig": {
        "defaults": {
          "custom": {},
          "links": []
        },
        "overrides": []
      },
      "fill": 1,
      "fillGradient": 0,
      "gridPos": {
        "h": 8,
        "w": 6,
        "x": 0,
        "y": 5
      },
      "hiddenSeries": false,
      "id": 153,
      "legend": {
        "avg": false,
        "current": false,
        "max": false,
        "min": false,
        "show": false,
        "total": false,
        "values": false
      },
      "lines": true,
      "linewidth": 1,
      "nullPointMode": "null",
      "options": {
        "alertThreshold": true
      },
      "percentage": false,
      "pluginVersion": "7.2.1",
      "pointradius": 2,
      "points": false,
      "renderer": "flot",
      "seriesOverrides": [],
      "spaceLength": 10,
      "stack": false,
      "steppedLine": false,
      "targets": [
        {
          "expr": "round(sum(increase(base_REST_request_total{namespace=\"$namespace\", service=\"$service\", env=\"$env\"}[1m])) by (class, method))",
          "instant": false,
          "interval": "",
          "intervalFactor": 1,
          "legendFormat": "{{class}} {{method}}",
          "refId": "B"
        },
        {
          "expr": "round(sum(increase(application_http_request_total{namespace=\"$namespace\", service=\"$service\", env=\"$env\"}[1m])) by (method, endpoint))",
          "instant": false,
          "interval": "",
          "intervalFactor": 1,
          "legendFormat": "{{method}} {{endpoint}}",
          "refId": "A"
        }
      ],
      "thresholds": [],
      "timeFrom": null,
      "timeRegions": [],
      "timeShift": null,
      "title": "Requests per minute",
      "tooltip": {
        "shared": true,
        "sort": 0,
        "value_type": "individual"
      },
      "type": "graph",
      "xaxis": {
        "buckets": null,
        "mode": "time",
        "name": null,
        "show": true,
        "values": []
      },
      "yaxes": [
        {
          "decimals": 0,
          "format": "none",
          "label": null,
          "logBase": 2,
          "max": null,
          "min": "0",
          "show": true
        },
        {
          "format": "short",
          "label": null,
          "logBase": 1,
          "max": null,
          "min": null,
          "show": false
        }
      ],
      "yaxis": {
        "align": false,
        "alignLevel": null
      }
    },
    {
      "aliasColors": {},
      "bars": false,
      "dashLength": 10,
      "dashes": false,
      "datasource": "$DS_PROMETHEUS",
      "description": "HTTP average response times over last [1m] for all instances in a cluster.\n\nPlease mind that response time displayed here is measured inside JVM, it is not full end to end latency your users see, which can be few times bigger.\n\nAdd this to your application.properties first:\nquarkus.resteasy.metrics.enabled=true",
      "fieldConfig": {
        "defaults": {
          "custom": {},
          "links": [],
          "unit": "s"
        },
        "overrides": []
      },
      "fill": 1,
      "fillGradient": 0,
      "gridPos": {
        "h": 8,
        "w": 12,
        "x": 6,
        "y": 5
      },
      "hiddenSeries": false,
      "id": 154,
      "legend": {
        "alignAsTable": false,
        "avg": false,
        "current": false,
        "hideEmpty": true,
        "hideZero": true,
        "max": false,
        "min": false,
        "rightSide": true,
        "show": false,
        "total": false,
        "values": false
      },
      "lines": true,
      "linewidth": 1,
      "nullPointMode": "null",
      "options": {
        "alertThreshold": true
      },
      "percentage": false,
      "pluginVersion": "7.2.1",
      "pointradius": 2,
      "points": false,
      "renderer": "flot",
      "seriesOverrides": [],
      "spaceLength": 10,
      "stack": false,
      "steppedLine": false,
      "targets": [
        {
          "expr": "avg(increase(base_REST_request_elapsedTime_seconds{namespace=\"$namespace\", service=\"$service\", env=\"$env\"}[1m]) / increase(base_REST_request_total{namespace=\"$namespace\", service=\"$service\", env=\"$env\"}[1m]) > 0) by (method, endpoint) ",
          "hide": false,
          "interval": "",
          "legendFormat": "Average {{class}} {{method}}",
          "refId": "C"
        },
        {
          "expr": "avg(increase(application_http_request_elapsedTime_seconds{namespace=\"$namespace\", service=\"$service\", env=\"$env\"}[1m]) / increase(application_http_request_total{namespace=\"$namespace\", service=\"$service\", env=\"$env\"}[1m]) > 0) by (method, endpoint) ",
          "format": "time_series",
          "hide": false,
          "instant": false,
          "interval": "",
          "intervalFactor": 2,
          "legendFormat": "Average {{method}} {{endpoint}}",
          "refId": "A"
        }
      ],
      "thresholds": [],
      "timeFrom": null,
      "timeRegions": [],
      "timeShift": null,
      "title": "Avg server response times",
      "tooltip": {
        "shared": true,
        "sort": 0,
        "value_type": "individual"
      },
      "type": "graph",
      "xaxis": {
        "buckets": null,
        "mode": "time",
        "name": null,
        "show": true,
        "values": []
      },
      "yaxes": [
        {
          "format": "s",
          "label": "",
          "logBase": 1,
          "max": null,
          "min": null,
          "show": true
        },
        {
          "format": "s",
          "label": null,
          "logBase": 1,
          "max": null,
          "min": null,
          "show": false
        }
      ],
      "yaxis": {
        "align": false,
        "alignLevel": null
      }
    },
    {
      "aliasColors": {},
      "bars": false,
      "dashLength": 10,
      "dashes": false,
      "datasource": "$DS_PROMETHEUS",
      "description": "You need quarkus-rfc7807-problem-extension dependency + quarkus.rfc7807-problem.metrics.enabled=true setting in application.properties",
      "fieldConfig": {
        "defaults": {
          "custom": {},
          "links": [],
          "unit": "none"
        },
        "overrides": []
      },
      "fill": 1,
      "fillGradient": 0,
      "gridPos": {
        "h": 8,
        "w": 6,
        "x": 18,
        "y": 5
      },
      "hiddenSeries": false,
      "id": 149,
      "legend": {
        "avg": false,
        "current": false,
        "max": false,
        "min": false,
        "show": false,
        "total": false,
        "values": false
      },
      "lines": true,
      "linewidth": 1,
      "nullPointMode": "null",
      "options": {
        "alertThreshold": true
      },
      "percentage": false,
      "pluginVersion": "7.2.1",
      "pointradius": 2,
      "points": false,
      "renderer": "flot",
      "seriesOverrides": [],
      "spaceLength": 10,
      "stack": false,
      "steppedLine": false,
      "targets": [
        {
          "expr": "sum by (status) (round(increase(application_http_error_total{namespace=\"$namespace\", service=\"$service\", env=\"$env\", status=~\"5.*\"}[1m])))",
          "interval": "",
          "legendFormat": "HTTP {{status}}",
          "refId": "B"
        },
        {
          "expr": "sum by (status) (round(increase(application_http_error_total{namespace=\"$namespace\", service=\"$service\", env=\"$env\", status=~\"4.*\"}[1m])))",
          "interval": "",
          "legendFormat": "HTTP {{status}}",
          "refId": "A"
        }
      ],
      "thresholds": [],
      "timeFrom": null,
      "timeRegions": [],
      "timeShift": null,
      "title": "Http errors (400s & 500s)",
      "tooltip": {
        "shared": true,
        "sort": 0,
        "value_type": "individual"
      },
      "type": "graph",
      "xaxis": {
        "buckets": null,
        "mode": "time",
        "name": null,
        "show": true,
        "values": []
      },
      "yaxes": [
        {
          "format": "none",
          "label": null,
          "logBase": 1,
          "max": null,
          "min": "0",
          "show": true
        },
        {
          "format": "short",
          "label": null,
          "logBase": 1,
          "max": null,
          "min": null,
          "show": true
        }
      ],
      "yaxis": {
        "align": false,
        "alignLevel": null
      }
    },
    {
      "collapsed": false,
      "datasource": null,
      "gridPos": {
        "h": 1,
        "w": 24,
        "x": 0,
        "y": 13
      },
      "id": 128,
      "panels": [],
      "repeat": null,
      "title": "Hardware utilisation",
      "type": "row"
    },
    {
      "aliasColors": {},
      "bars": false,
      "dashLength": 10,
      "dashes": false,
      "datasource": "${DS_PROMETHEUS}",
      "description": "Displays  the \"recent cpu usage\" for the Java Virtual Machine process. This value is a double in the [0.0,1.0] interval. A value of 0.0 means that none of the CPUs were running threads from the JVM process during the recent period of time observed, while a value of 1.0 means that all CPUs were actively running threads from the JVM 100% of the time during the recent period being observed. Threads from the JVM include the application threads as well as the JVM internal threads. All values betweens 0.0 and 1.0 are possible depending of the activities going on in the JVM process and the whole system. If the Java Virtual Machine recent CPU usage is not available, the method returns a negative value.",
      "editable": true,
      "error": false,
      "fieldConfig": {
        "defaults": {
          "custom": {},
          "links": []
        },
        "overrides": []
      },
      "fill": 1,
      "fillGradient": 0,
      "grid": {
        "leftLogBase": 1,
        "leftMax": null,
        "leftMin": null,
        "rightLogBase": 1,
        "rightMax": null,
        "rightMin": null
      },
      "gridPos": {
        "h": 7,
        "w": 6,
        "x": 0,
        "y": 14
      },
      "hiddenSeries": false,
      "id": 106,
      "legend": {
        "avg": false,
        "current": false,
        "max": false,
        "min": false,
        "show": false,
        "total": false,
        "values": false
      },
      "lines": true,
      "linewidth": 1,
      "links": [],
      "nullPointMode": "null",
      "options": {
        "alertThreshold": true
      },
      "percentage": false,
      "pluginVersion": "7.2.1",
      "pointradius": 5,
      "points": false,
      "renderer": "flot",
      "seriesOverrides": [],
      "spaceLength": 10,
      "stack": false,
      "steppedLine": false,
      "targets": [
        {
          "expr": "sum(base_cpu_processCpuLoad_percent{pod=\"$instance\"})",
          "format": "time_series",
          "hide": false,
          "interval": "",
          "intervalFactor": 1,
          "legendFormat": "Usage for the JVM process. 100% means that all CPUs were actively running threads from the JVM",
          "refId": "B"
        },
        {
          "expr": "sum(avg_over_time(base_cpu_processCpuLoad_percent{pod=\"$instance\"}[1h]))",
          "format": "time_series",
          "hide": false,
          "interval": "",
          "intervalFactor": 1,
          "legendFormat": "Usage for the JVM process - last hour average",
          "refId": "C"
        },
        {
          "expr": "sum(vendor_cpu_systemCpuLoad_percent{pod=\"$instance\"})",
          "format": "time_series",
          "hide": false,
          "interval": "",
          "intervalFactor": 1,
          "legendFormat": "Usage for the whole system. 100% means that all CPUs were actively running 100% of the time",
          "metric": "",
          "refId": "A",
          "step": 2400
        }
      ],
      "thresholds": [],
      "timeFrom": null,
      "timeRegions": [],
      "timeShift": null,
      "title": "CPU Usage",
      "tooltip": {
        "msResolution": false,
        "shared": true,
        "sort": 0,
        "value_type": "cumulative"
      },
      "type": "graph",
      "x-axis": true,
      "xaxis": {
        "buckets": null,
        "mode": "time",
        "name": null,
        "show": true,
        "values": []
      },
      "y-axis": true,
      "y_formats": [
        "short",
        "short"
      ],
      "yaxes": [
        {
          "decimals": 1,
          "format": "percentunit",
          "label": "",
          "logBase": 1,
          "max": null,
          "min": 0,
          "show": true
        },
        {
          "format": "short",
          "label": null,
          "logBase": 1,
          "max": null,
          "min": null,
          "show": true
        }
      ],
      "yaxis": {
        "align": false,
        "alignLevel": null
      }
    },
    {
      "aliasColors": {},
      "bars": false,
      "dashLength": 10,
      "dashes": false,
      "datasource": "${DS_PROMETHEUS}",
      "description": "The system load average is the sum of the number of runnable entities queued to the available processors and the number of runnable entities running on the available processors averaged over a period of time. The way in which the load average is calculated is operating system specific but is typically a damped time-dependent average. If the load average is not available, a negative value is displayed. This attribute is designed to provide a hint about the system load and may be queried frequently. The load average may be unavailable on some platforms where it is expensive to implement this method.",
      "editable": true,
      "error": false,
      "fieldConfig": {
        "defaults": {
          "custom": {},
          "links": []
        },
        "overrides": []
      },
      "fill": 1,
      "fillGradient": 0,
      "grid": {
        "leftLogBase": 1,
        "leftMax": null,
        "leftMin": null,
        "rightLogBase": 1,
        "rightMax": null,
        "rightMin": null
      },
      "gridPos": {
        "h": 7,
        "w": 6,
        "x": 6,
        "y": 14
      },
      "hiddenSeries": false,
      "id": 93,
      "legend": {
        "avg": false,
        "current": false,
        "max": false,
        "min": false,
        "show": false,
        "total": false,
        "values": false
      },
      "lines": true,
      "linewidth": 1,
      "links": [],
      "nullPointMode": "null",
      "options": {
        "alertThreshold": true
      },
      "percentage": false,
      "pluginVersion": "7.2.1",
      "pointradius": 5,
      "points": false,
      "renderer": "flot",
      "seriesOverrides": [],
      "spaceLength": 10,
      "stack": false,
      "steppedLine": false,
      "targets": [
        {
          "expr": "sum(base_cpu_systemLoadAverage{pod=\"$instance\"})",
          "format": "time_series",
          "interval": "",
          "intervalFactor": 1,
          "legendFormat": "System load average for the last minute",
          "metric": "",
          "refId": "A",
          "step": 2400
        },
        {
          "expr": "sum(base_cpu_availableProcessors{pod=\"$instance\"})",
          "format": "time_series",
          "interval": "",
          "intervalFactor": 1,
          "legendFormat": "Number of processors available to the JVM",
          "refId": "B"
        }
      ],
      "thresholds": [],
      "timeFrom": null,
      "timeRegions": [],
      "timeShift": null,
      "title": "Load",
      "tooltip": {
        "msResolution": false,
        "shared": true,
        "sort": 0,
        "value_type": "cumulative"
      },
      "type": "graph",
      "x-axis": true,
      "xaxis": {
        "buckets": null,
        "mode": "time",
        "name": null,
        "show": true,
        "values": []
      },
      "y-axis": true,
      "y_formats": [
        "short",
        "short"
      ],
      "yaxes": [
        {
          "decimals": 1,
          "format": "short",
          "label": "",
          "logBase": 1,
          "max": null,
          "min": 0,
          "show": true
        },
        {
          "format": "short",
          "label": null,
          "logBase": 1,
          "max": null,
          "min": null,
          "show": true
        }
      ],
      "yaxis": {
        "align": false,
        "alignLevel": null
      }
    },
    {
      "aliasColors": {},
      "bars": false,
      "dashLength": 10,
      "dashes": false,
      "datasource": "${DS_PROMETHEUS}",
      "editable": true,
      "error": false,
      "fieldConfig": {
        "defaults": {
          "custom": {},
          "links": []
        },
        "overrides": []
      },
      "fill": 1,
      "fillGradient": 0,
      "grid": {
        "leftLogBase": 1,
        "leftMax": null,
        "leftMin": null,
        "rightLogBase": 1,
        "rightMax": null,
        "rightMin": null
      },
      "gridPos": {
        "h": 7,
        "w": 6,
        "x": 12,
        "y": 14
      },
      "hiddenSeries": false,
      "id": 32,
      "legend": {
        "avg": false,
        "current": false,
        "max": false,
        "min": false,
        "show": false,
        "total": false,
        "values": false
      },
      "lines": true,
      "linewidth": 1,
      "links": [],
      "nullPointMode": "null",
      "options": {
        "alertThreshold": true
      },
      "percentage": false,
      "pluginVersion": "7.2.1",
      "pointradius": 5,
      "points": false,
      "renderer": "flot",
      "seriesOverrides": [],
      "spaceLength": 10,
      "stack": false,
      "steppedLine": false,
      "targets": [
        {
          "expr": "sum(base_thread_count{pod=\"$instance\"}-base_thread_daemon_count{pod=\"$instance\"})",
          "format": "time_series",
          "interval": "",
          "intervalFactor": 2,
          "legendFormat": "Live threads",
          "metric": "",
          "refId": "A",
          "step": 2400
        },
        {
          "expr": "sum(base_thread_daemon_count{pod=\"$instance\"})",
          "format": "time_series",
          "interval": "",
          "intervalFactor": 2,
          "legendFormat": "Live daemon threads",
          "metric": "",
          "refId": "B",
          "step": 2400
        },
        {
          "expr": "sum(base_thread_count{pod=\"$instance\"})",
          "format": "time_series",
          "hide": false,
          "interval": "",
          "intervalFactor": 2,
          "legendFormat": "Live threads total",
          "refId": "D",
          "step": 2400
        },
        {
          "expr": "sum(base_thread_max_count{pod=\"$instance\"})",
          "format": "time_series",
          "interval": "",
          "intervalFactor": 2,
          "legendFormat": "Peak live threads total",
          "refId": "C",
          "step": 2400
        }
      ],
      "thresholds": [],
      "timeFrom": null,
      "timeRegions": [],
      "timeShift": null,
      "title": "Threads",
      "tooltip": {
        "msResolution": false,
        "shared": true,
        "sort": 0,
        "value_type": "cumulative"
      },
      "type": "graph",
      "x-axis": true,
      "xaxis": {
        "buckets": null,
        "mode": "time",
        "name": null,
        "show": true,
        "values": []
      },
      "y-axis": true,
      "y_formats": [
        "short",
        "short"
      ],
      "yaxes": [
        {
          "decimals": 0,
          "format": "short",
          "label": null,
          "logBase": 1,
          "max": null,
          "min": 0,
          "show": true
        },
        {
          "format": "short",
          "label": null,
          "logBase": 1,
          "max": null,
          "min": null,
          "show": true
        }
      ],
      "yaxis": {
        "align": false,
        "alignLevel": null
      }
    },
    {
      "aliasColors": {},
      "bars": false,
      "dashLength": 10,
      "dashes": false,
      "datasource": "${DS_PROMETHEUS}",
      "description": "",
      "editable": true,
      "error": false,
      "fieldConfig": {
        "defaults": {
          "custom": {},
          "links": []
        },
        "overrides": []
      },
      "fill": 1,
      "fillGradient": 0,
      "grid": {
        "leftLogBase": 1,
        "leftMax": null,
        "leftMin": null,
        "rightLogBase": 1,
        "rightMax": null,
        "rightMin": null
      },
      "gridPos": {
        "h": 7,
        "w": 6,
        "x": 18,
        "y": 14
      },
      "hiddenSeries": false,
      "id": 86,
      "legend": {
        "avg": false,
        "current": false,
        "max": false,
        "min": false,
        "show": false,
        "total": false,
        "values": false
      },
      "lines": true,
      "linewidth": 1,
      "links": [],
      "nullPointMode": "null",
      "options": {
        "alertThreshold": true
      },
      "percentage": false,
      "pluginVersion": "7.2.1",
      "pointradius": 5,
      "points": false,
      "renderer": "flot",
      "seriesOverrides": [],
      "spaceLength": 10,
      "stack": false,
      "steppedLine": false,
      "targets": [
        {
          "expr": "sum(base_memory_maxHeap_bytes{pod=\"$instance\"})",
          "interval": "",
          "legendFormat": "Max heap",
          "refId": "B"
        },
        {
          "expr": "sum(container_memory_working_set_bytes{pod=\"$instance\"})",
          "interval": "",
          "legendFormat": "Container working set",
          "refId": "A"
        },
        {
          "expr": "sum(vendor_memory_freeSwapSize_bytes{pod=\"$instance\"})",
          "format": "time_series",
          "interval": "",
          "intervalFactor": 1,
          "legendFormat": "Free swap space",
          "refId": "C"
        },
        {
          "expr": "sum(kube_pod_container_resource_limits_memory_bytes{pod=\"$instance\"})",
          "interval": "",
          "legendFormat": "Container limit",
          "refId": "E"
        }
      ],
      "thresholds": [],
      "timeFrom": null,
      "timeRegions": [],
      "timeShift": null,
      "title": "Container Memory",
      "tooltip": {
        "msResolution": false,
        "shared": true,
        "sort": 0,
        "value_type": "cumulative"
      },
      "type": "graph",
      "x-axis": true,
      "xaxis": {
        "buckets": null,
        "mode": "time",
        "name": null,
        "show": true,
        "values": []
      },
      "y-axis": true,
      "y_formats": [
        "mbytes",
        "short"
      ],
      "yaxes": [
        {
          "format": "bytes",
          "label": "",
          "logBase": 1,
          "max": null,
          "min": "0",
          "show": true
        },
        {
          "format": "short",
          "label": null,
          "logBase": 1,
          "max": null,
          "min": null,
          "show": true
        }
      ],
      "yaxis": {
        "align": false,
        "alignLevel": null
      }
    },
    {
      "collapsed": false,
      "datasource": null,
      "gridPos": {
        "h": 1,
        "w": 24,
        "x": 0,
        "y": 21
      },
      "id": 127,
      "panels": [],
      "repeat": null,
      "title": "JVM Memory",
      "type": "row"
    },
    {
      "aliasColors": {},
      "bars": false,
      "dashLength": 10,
      "dashes": false,
      "datasource": "${DS_PROMETHEUS}",
      "description": "Java objects reside in an area called the heap. The heap is created when the JVM starts up and may increase or decrease in size while the application runs. When the heap becomes full, garbage is collected. During the garbage collection objects that are no longer used are cleared, thus making space for new objects.",
      "editable": true,
      "error": false,
      "fieldConfig": {
        "defaults": {
          "custom": {},
          "links": []
        },
        "overrides": []
      },
      "fill": 1,
      "fillGradient": 0,
      "grid": {
        "leftLogBase": 1,
        "leftMax": null,
        "leftMin": null,
        "rightLogBase": 1,
        "rightMax": null,
        "rightMin": null
      },
      "gridPos": {
        "h": 7,
        "w": 6,
        "x": 0,
        "y": 22
      },
      "hiddenSeries": false,
      "id": 24,
      "legend": {
        "avg": false,
        "current": false,
        "max": false,
        "min": false,
        "show": false,
        "total": false,
        "values": false
      },
      "lines": true,
      "linewidth": 1,
      "links": [],
      "nullPointMode": "null",
      "options": {
        "alertThreshold": true
      },
      "percentage": false,
      "pluginVersion": "7.2.1",
      "pointradius": 5,
      "points": false,
      "renderer": "flot",
      "seriesOverrides": [],
      "spaceLength": 10,
      "stack": false,
      "steppedLine": false,
      "targets": [
        {
          "expr": "sum(base_memory_usedHeap_bytes{pod=\"$instance\"})",
          "format": "time_series",
          "interval": "",
          "intervalFactor": 1,
          "legendFormat": "Used heap memory",
          "metric": "",
          "refId": "A",
          "step": 2400
        },
        {
          "expr": "sum(base_memory_committedHeap_bytes{pod=\"$instance\"})",
          "format": "time_series",
          "interval": "",
          "intervalFactor": 1,
          "legendFormat": "Memory committed (guaranteed) for the JVM to use",
          "refId": "B",
          "step": 2400
        },
        {
          "expr": "sum(base_memory_maxHeap_bytes{pod=\"$instance\"})",
          "format": "time_series",
          "interval": "",
          "intervalFactor": 2,
          "legendFormat": "Maximum amount (not guaranteed) of heap memory that can be used for memory management",
          "refId": "C",
          "step": 2400
        }
      ],
      "thresholds": [],
      "timeFrom": null,
      "timeRegions": [],
      "timeShift": null,
      "title": "Heap",
      "tooltip": {
        "msResolution": false,
        "shared": true,
        "sort": 0,
        "value_type": "cumulative"
      },
      "type": "graph",
      "x-axis": true,
      "xaxis": {
        "buckets": null,
        "mode": "time",
        "name": null,
        "show": true,
        "values": []
      },
      "y-axis": true,
      "y_formats": [
        "mbytes",
        "short"
      ],
      "yaxes": [
        {
          "format": "bytes",
          "label": null,
          "logBase": 1,
          "max": null,
          "min": 0,
          "show": true
        },
        {
          "format": "short",
          "label": null,
          "logBase": 1,
          "max": null,
          "min": null,
          "show": true
        }
      ],
      "yaxis": {
        "align": false,
        "alignLevel": null
      }
    },
    {
      "aliasColors": {},
      "bars": false,
      "dashLength": 10,
      "dashes": false,
      "datasource": "${DS_PROMETHEUS}",
      "description": "Memory Pools are created by JVM memory managers to create a pool of immutable objects. Memory Pool can belong to Heap or Perm Gen, depending on JVM memory manager implementation.",
      "editable": true,
      "error": false,
      "fieldConfig": {
        "defaults": {
          "custom": {},
          "links": []
        },
        "overrides": []
      },
      "fill": 1,
      "fillGradient": 0,
      "grid": {
        "leftLogBase": 1,
        "leftMax": null,
        "leftMin": null,
        "rightLogBase": 1,
        "rightMax": null,
        "rightMin": null
      },
      "gridPos": {
        "h": 7,
        "w": 6,
        "x": 6,
        "y": 22
      },
      "hiddenSeries": false,
      "id": 3,
      "legend": {
        "alignAsTable": false,
        "avg": false,
        "current": false,
        "max": false,
        "min": false,
        "rightSide": false,
        "show": false,
        "total": false,
        "values": false
      },
      "lines": true,
      "linewidth": 1,
      "links": [],
      "maxPerRow": 3,
      "nullPointMode": "null",
      "options": {
        "alertThreshold": true
      },
      "percentage": false,
      "pluginVersion": "7.2.1",
      "pointradius": 5,
      "points": false,
      "renderer": "flot",
      "repeat": "jvm_memory_pool_heap",
      "repeatDirection": "h",
      "seriesOverrides": [],
      "spaceLength": 10,
      "stack": false,
      "steppedLine": false,
      "targets": [
        {
          "expr": "sum by (name) (vendor_memoryPool_usage_bytes{pod=\"$instance\"})",
          "format": "time_series",
          "hide": false,
          "interval": "",
          "intervalFactor": 2,
          "legendFormat": "Usage {{name}}",
          "metric": "",
          "refId": "A",
          "step": 1800
        },
        {
          "expr": "sum by (name) (vendor_memoryPool_usage_max_bytes{pod=\"$instance\"})",
          "format": "time_series",
          "hide": false,
          "interval": "",
          "intervalFactor": 2,
          "legendFormat": "Max {{name}}",
          "metric": "",
          "refId": "C",
          "step": 1800
        }
      ],
      "thresholds": [],
      "timeFrom": null,
      "timeRegions": [],
      "timeShift": null,
      "title": "Heap Memory Pools",
      "tooltip": {
        "msResolution": false,
        "shared": true,
        "sort": 0,
        "value_type": "cumulative"
      },
      "type": "graph",
      "x-axis": true,
      "xaxis": {
        "buckets": null,
        "mode": "time",
        "name": null,
        "show": true,
        "values": []
      },
      "y-axis": true,
      "y_formats": [
        "mbytes",
        "short"
      ],
      "yaxes": [
        {
          "format": "bytes",
          "label": null,
          "logBase": 1,
          "max": null,
          "min": 0,
          "show": true
        },
        {
          "format": "short",
          "label": null,
          "logBase": 1,
          "max": null,
          "min": null,
          "show": true
        }
      ],
      "yaxis": {
        "align": false,
        "alignLevel": null
      }
    },
    {
      "aliasColors": {},
      "bars": false,
      "dashLength": 10,
      "dashes": false,
      "datasource": "${DS_PROMETHEUS}",
      "description": "The JVM has memory other than the heap, referred to as Non-Heap Memory. It is created at the JVM startup and stores per-class structures such as runtime constant pool, field and method data, and the code for methods and constructors, as well as interned Strings. The default maximum size of non-heap memory is 64 MB.",
      "editable": true,
      "error": false,
      "fieldConfig": {
        "defaults": {
          "custom": {},
          "links": []
        },
        "overrides": []
      },
      "fill": 1,
      "fillGradient": 0,
      "grid": {
        "leftLogBase": 1,
        "leftMax": null,
        "leftMin": null,
        "rightLogBase": 1,
        "rightMax": null,
        "rightMin": null
      },
      "gridPos": {
        "h": 7,
        "w": 6,
        "x": 12,
        "y": 22
      },
      "hiddenSeries": false,
      "id": 25,
      "legend": {
        "avg": false,
        "current": false,
        "max": false,
        "min": false,
        "show": false,
        "total": false,
        "values": false
      },
      "lines": true,
      "linewidth": 1,
      "links": [],
      "nullPointMode": "null",
      "options": {
        "alertThreshold": true
      },
      "percentage": false,
      "pluginVersion": "7.2.1",
      "pointradius": 5,
      "points": false,
      "renderer": "flot",
      "seriesOverrides": [],
      "spaceLength": 10,
      "stack": false,
      "steppedLine": false,
      "targets": [
        {
          "expr": "sum(vendor_memory_usedNonHeap_bytes{pod=\"$instance\"})",
          "format": "time_series",
          "interval": "",
          "intervalFactor": 2,
          "legendFormat": "Used non-heap memory",
          "metric": "",
          "refId": "A",
          "step": 2400
        },
        {
          "expr": "sum(vendor_memory_committedNonHeap_bytes{pod=\"$instance\"})",
          "format": "time_series",
          "interval": "",
          "intervalFactor": 2,
          "legendFormat": "Non heap memory committed (guaranteed) for the JVM to use",
          "refId": "B",
          "step": 2400
        },
        {
          "expr": "sum(vendor_memory_maxNonHeap_bytes{pod=\"$instance\"})",
          "format": "time_series",
          "interval": "",
          "intervalFactor": 2,
          "legendFormat": "Maximum amount of used non-heap memory",
          "refId": "C",
          "step": 2400
        }
      ],
      "thresholds": [],
      "timeFrom": null,
      "timeRegions": [],
      "timeShift": null,
      "title": "Non-Heap",
      "tooltip": {
        "msResolution": false,
        "shared": true,
        "sort": 0,
        "value_type": "cumulative"
      },
      "type": "graph",
      "x-axis": true,
      "xaxis": {
        "buckets": null,
        "mode": "time",
        "name": null,
        "show": true,
        "values": []
      },
      "y-axis": true,
      "y_formats": [
        "mbytes",
        "short"
      ],
      "yaxes": [
        {
          "format": "bytes",
          "label": null,
          "logBase": 1,
          "max": null,
          "min": 0,
          "show": true
        },
        {
          "format": "short",
          "label": null,
          "logBase": 1,
          "max": null,
          "min": null,
          "show": true
        }
      ],
      "yaxis": {
        "align": false,
        "alignLevel": null
      }
    },
    {
      "aliasColors": {},
      "bars": false,
      "dashLength": 10,
      "dashes": false,
      "datasource": "${DS_PROMETHEUS}",
      "description": "Class loaders are responsible for loading Java classes during runtime dynamically to the JVM (Java Virtual Machine). Also, they are part of the JRE (Java Runtime Environment). Hence, the JVM doesn't need to know about the underlying files or file systems in order to run Java programs thanks to class loaders.",
      "editable": true,
      "error": false,
      "fieldConfig": {
        "defaults": {
          "custom": {},
          "links": []
        },
        "overrides": []
      },
      "fill": 1,
      "fillGradient": 0,
      "grid": {
        "leftLogBase": 1,
        "leftMax": null,
        "leftMin": null,
        "rightLogBase": 1,
        "rightMax": null,
        "rightMin": null
      },
      "gridPos": {
        "h": 7,
        "w": 6,
        "x": 18,
        "y": 22
      },
      "hiddenSeries": false,
      "id": 37,
      "legend": {
        "avg": false,
        "current": false,
        "max": false,
        "min": false,
        "show": false,
        "total": false,
        "values": false
      },
      "lines": true,
      "linewidth": 1,
      "links": [],
      "nullPointMode": "null",
      "options": {
        "alertThreshold": true
      },
      "percentage": false,
      "pluginVersion": "7.2.1",
      "pointradius": 5,
      "points": false,
      "renderer": "flot",
      "seriesOverrides": [],
      "spaceLength": 10,
      "stack": false,
      "steppedLine": false,
      "targets": [
        {
          "expr": "sum(base_classloader_loadedClasses_count{pod=\"$instance\"})",
          "format": "time_series",
          "interval": "",
          "intervalFactor": 1,
          "legendFormat": "Classes currently loaded in the JVM",
          "metric": "",
          "refId": "A",
          "step": 1200
        },
        {
          "expr": "sum(delta(base_classloader_loadedClasses_count{pod=\"$instance\"}[1m]))",
          "interval": "",
          "legendFormat": "Classes currently loaded in the JVM - delta 1m",
          "refId": "B"
        }
      ],
      "thresholds": [],
      "timeFrom": null,
      "timeRegions": [],
      "timeShift": null,
      "title": "Class Loader",
      "tooltip": {
        "msResolution": false,
        "shared": true,
        "sort": 0,
        "value_type": "cumulative"
      },
      "type": "graph",
      "x-axis": true,
      "xaxis": {
        "buckets": null,
        "mode": "time",
        "name": null,
        "show": true,
        "values": []
      },
      "y-axis": true,
      "y_formats": [
        "short",
        "short"
      ],
      "yaxes": [
        {
          "format": "short",
          "label": null,
          "logBase": 1,
          "max": null,
          "min": 0,
          "show": true
        },
        {
          "format": "short",
          "label": null,
          "logBase": 1,
          "max": null,
          "min": null,
          "show": true
        }
      ],
      "yaxis": {
        "align": false,
        "alignLevel": null
      }
    },
    {
      "collapsed": false,
      "datasource": null,
      "gridPos": {
        "h": 1,
        "w": 24,
        "x": 0,
        "y": 29
      },
      "id": 134,
      "panels": [],
      "repeat": null,
      "title": "Datasource (Agroal)",
      "type": "row"
    },
    {
      "aliasColors": {},
      "bars": false,
      "dashLength": 10,
      "dashes": false,
      "datasource": "$DS_PROMETHEUS",
      "description": "Add this to your application.properties first:\nquarkus.datasource.metrics.enabled=true",
      "fieldConfig": {
        "defaults": {
          "custom": {},
          "links": []
        },
        "overrides": []
      },
      "fill": 1,
      "fillGradient": 0,
      "gridPos": {
        "h": 8,
        "w": 12,
        "x": 0,
        "y": 30
      },
      "hiddenSeries": false,
      "id": 138,
      "legend": {
        "avg": false,
        "current": false,
        "max": false,
        "min": false,
        "show": false,
        "total": false,
        "values": false
      },
      "lines": true,
      "linewidth": 1,
      "nullPointMode": "null",
      "options": {
        "alertThreshold": true
      },
      "percentage": false,
      "pluginVersion": "7.2.1",
      "pointradius": 2,
      "points": false,
      "renderer": "flot",
      "seriesOverrides": [],
      "spaceLength": 10,
      "stack": false,
      "steppedLine": false,
      "targets": [
        {
          "expr": "sum(rate(vendor_agroal_acquire_count_total{pod=\"$instance\"}[1m]))",
          "hide": true,
          "interval": "",
          "legendFormat": "Acquire operation per second",
          "refId": "H"
        },
        {
          "expr": "sum(vendor_agroal_active_count{pod=\"$instance\"})",
          "interval": "",
          "legendFormat": "Active connections",
          "refId": "D"
        },
        {
          "expr": "sum(vendor_agroal_available_count{pod=\"$instance\"})",
          "interval": "",
          "legendFormat": "Idle connections, available to be acquired",
          "refId": "C"
        },
        {
          "expr": "sum(increase(vendor_agroal_creation_count_total{pod=\"$instance\"}[1m]))",
          "interval": "",
          "legendFormat": "Created connections in the last minute",
          "refId": "F"
        },
        {
          "expr": "sum(increase(vendor_agroal_destroy_count_total{pod=\"$instance\"}[1m]))",
          "interval": "",
          "legendFormat": "Destroyed connections last minute",
          "refId": "A"
        },
        {
          "expr": "sum(vendor_agroal_invalid_count_total{pod=\"$instance\"})",
          "hide": true,
          "interval": "",
          "legendFormat": "Connections removed from the pool for being invalid",
          "refId": "B"
        },
        {
          "expr": "sum(vendor_agroal_max_used_count{pod=\"$instance\"})",
          "format": "time_series",
          "interval": "",
          "legendFormat": "Maximum number of connections active simultaneously",
          "refId": "G"
        },
        {
          "expr": "sum(increase(vendor_agroal_leak_detection_count_total{pod=\"$instance\"}[1m]))",
          "format": "time_series",
          "hide": false,
          "interval": "",
          "legendFormat": "Leak detections",
          "refId": "E"
        }
      ],
      "thresholds": [],
      "timeFrom": null,
      "timeRegions": [],
      "timeShift": null,
      "title": "Connection pool over last [1m]",
      "tooltip": {
        "shared": true,
        "sort": 0,
        "value_type": "individual"
      },
      "type": "graph",
      "xaxis": {
        "buckets": null,
        "mode": "time",
        "name": null,
        "show": true,
        "values": []
      },
      "yaxes": [
        {
          "format": "short",
          "label": null,
          "logBase": 1,
          "max": null,
          "min": null,
          "show": true
        },
        {
          "format": "short",
          "label": null,
          "logBase": 1,
          "max": null,
          "min": null,
          "show": true
        }
      ],
      "yaxis": {
        "align": false,
        "alignLevel": null
      }
    },
    {
      "aliasColors": {},
      "bars": false,
      "dashLength": 10,
      "dashes": false,
      "datasource": "$DS_PROMETHEUS",
      "description": "Add this to your application.properties first:\nquarkus.datasource.metrics.enabled=true",
      "fieldConfig": {
        "defaults": {
          "custom": {},
          "links": []
        },
        "overrides": []
      },
      "fill": 1,
      "fillGradient": 0,
      "gridPos": {
        "h": 8,
        "w": 12,
        "x": 12,
        "y": 30
      },
      "hiddenSeries": false,
      "id": 144,
      "legend": {
        "avg": false,
        "current": false,
        "max": false,
        "min": false,
        "show": false,
        "total": false,
        "values": false
      },
      "lines": true,
      "linewidth": 1,
      "nullPointMode": "null",
      "options": {
        "alertThreshold": true
      },
      "percentage": false,
      "pluginVersion": "7.2.1",
      "pointradius": 2,
      "points": false,
      "renderer": "flot",
      "seriesOverrides": [],
      "spaceLength": 10,
      "stack": false,
      "steppedLine": false,
      "targets": [
        {
          "expr": "sum(rate(vendor_agroal_blocking_time_total_seconds{pod=\"$instance\"}[1m]))",
          "hide": false,
          "interval": "",
          "legendFormat": "Time to acquire a connection",
          "refId": "B"
        },
        {
          "expr": "sum(rate(vendor_agroal_creation_time_total_seconds{pod=\"$instance\"}[1m]))",
          "hide": false,
          "interval": "",
          "legendFormat": "Time to create a connection",
          "refId": "A"
        },
        {
          "expr": "avg(increase(application_db_query_elapsedTime_seconds{pod=\"$instance\"}[1m]) / increase(application_db_query_total{pod=\"$instance\"}[1m])) by (group, operation)",
          "interval": "",
          "legendFormat": "Sql: {{group}} {{operation}}",
          "refId": "C"
        }
      ],
      "thresholds": [],
      "timeFrom": null,
      "timeRegions": [],
      "timeShift": null,
      "title": "Timing over last [1m]",
      "tooltip": {
        "shared": true,
        "sort": 0,
        "value_type": "individual"
      },
      "type": "graph",
      "xaxis": {
        "buckets": null,
        "mode": "time",
        "name": null,
        "show": true,
        "values": []
      },
      "yaxes": [
        {
          "format": "s",
          "label": null,
          "logBase": 2,
          "max": null,
          "min": null,
          "show": true
        },
        {
          "format": "short",
          "label": null,
          "logBase": 1,
          "max": null,
          "min": null,
          "show": true
        }
      ],
      "yaxis": {
        "align": false,
        "alignLevel": null
      }
    },
    {
      "collapsed": false,
      "datasource": null,
      "gridPos": {
        "h": 1,
        "w": 24,
        "x": 0,
        "y": 38
      },
      "id": 131,
      "panels": [],
      "repeat": null,
      "title": "Garbage Collector",
      "type": "row"
    },
    {
      "aliasColors": {},
      "bars": false,
      "dashLength": 10,
      "dashes": false,
      "datasource": "${DS_PROMETHEUS}",
      "description": "JVM garbage collectors summary:\nhttps://www.baeldung.com/jvm-garbage-collectors",
      "fieldConfig": {
        "defaults": {
          "custom": {},
          "links": []
        },
        "overrides": []
      },
      "fill": 1,
      "fillGradient": 0,
      "gridPos": {
        "h": 7,
        "w": 8,
        "x": 0,
        "y": 39
      },
      "hiddenSeries": false,
      "id": 98,
      "legend": {
        "avg": false,
        "current": false,
        "max": false,
        "min": false,
        "show": false,
        "total": false,
        "values": false
      },
      "lines": true,
      "linewidth": 1,
      "links": [],
      "nullPointMode": "null",
      "options": {
        "alertThreshold": true
      },
      "percentage": false,
      "pluginVersion": "7.2.1",
      "pointradius": 5,
      "points": false,
      "renderer": "flot",
      "seriesOverrides": [],
      "spaceLength": 10,
      "stack": false,
      "steppedLine": false,
      "targets": [
        {
          "expr": "sum by (name) (increase(base_gc_total{pod=\"$instance\"}[1m]))",
          "format": "time_series",
          "hide": false,
          "interval": "",
          "intervalFactor": 1,
          "legendFormat": "Number of collections that have occurred last minute ({{name}})",
          "refId": "A"
        }
      ],
      "thresholds": [],
      "timeFrom": null,
      "timeRegions": [],
      "timeShift": null,
      "title": "Collections over last [1m]",
      "tooltip": {
        "shared": true,
        "sort": 0,
        "value_type": "individual"
      },
      "type": "graph",
      "xaxis": {
        "buckets": null,
        "mode": "time",
        "name": null,
        "show": true,
        "values": []
      },
      "yaxes": [
        {
          "format": "ops",
          "label": null,
          "logBase": 1,
          "max": null,
          "min": "0",
          "show": true
        },
        {
          "format": "short",
          "label": "",
          "logBase": 1,
          "max": null,
          "min": null,
          "show": true
        }
      ],
      "yaxis": {
        "align": false,
        "alignLevel": null
      }
    },
    {
      "aliasColors": {},
      "bars": false,
      "dashLength": 10,
      "dashes": false,
      "datasource": "${DS_PROMETHEUS}",
      "fieldConfig": {
        "defaults": {
          "custom": {},
          "links": []
        },
        "overrides": []
      },
      "fill": 1,
      "fillGradient": 0,
      "gridPos": {
        "h": 7,
        "w": 8,
        "x": 8,
        "y": 39
      },
      "hiddenSeries": false,
      "id": 101,
      "legend": {
        "alignAsTable": false,
        "avg": false,
        "current": false,
        "max": false,
        "min": false,
        "show": false,
        "total": false,
        "values": false
      },
      "lines": true,
      "linewidth": 1,
      "links": [],
      "nullPointMode": "null",
      "options": {
        "alertThreshold": true
      },
      "percentage": false,
      "pluginVersion": "7.2.1",
      "pointradius": 5,
      "points": false,
      "renderer": "flot",
      "seriesOverrides": [],
      "spaceLength": 10,
      "stack": false,
      "steppedLine": false,
      "targets": [
        {
          "expr": "sum by (name) (increase(base_gc_time_total_seconds{pod=\"$instance\"}[1m]))",
          "format": "time_series",
          "hide": false,
          "instant": false,
          "interval": "",
          "intervalFactor": 1,
          "legendFormat": "Approximate accumulated collection elapsed time ({{name}})",
          "refId": "A"
        }
      ],
      "thresholds": [],
      "timeFrom": null,
      "timeRegions": [],
      "timeShift": null,
      "title": "Durations over last [1m]",
      "tooltip": {
        "shared": true,
        "sort": 0,
        "value_type": "individual"
      },
      "type": "graph",
      "xaxis": {
        "buckets": null,
        "mode": "time",
        "name": null,
        "show": true,
        "values": []
      },
      "yaxes": [
        {
          "format": "s",
          "label": null,
          "logBase": 1,
          "max": null,
          "min": "0",
          "show": true
        },
        {
          "format": "short",
          "label": "",
          "logBase": 1,
          "max": null,
          "min": null,
          "show": true
        }
      ],
      "yaxis": {
        "align": false,
        "alignLevel": null
      }
    },
    {
      "collapsed": false,
      "datasource": null,
      "gridPos": {
        "h": 1,
        "w": 24,
        "x": 0,
        "y": 46
      },
      "id": 157,
      "panels": [],
      "title": "Logs",
      "type": "row"
    },
    {
      "datasource": "Loki",
      "fieldConfig": {
        "defaults": {
          "custom": {}
        },
        "overrides": []
      },
      "gridPos": {
        "h": 9,
        "w": 24,
        "x": 0,
        "y": 47
      },
      "id": 159,
      "options": {
        "showLabels": false,
        "showTime": false,
        "sortOrder": "Descending",
        "wrapLogMessage": false
      },
      "pluginVersion": "7.1.1",
      "targets": [
        {
          "expr": "{pod=\"$instance\"}",
          "legendFormat": "",
          "refId": "B"
        }
      ],
      "timeFrom": null,
      "timeShift": null,
      "title": "Logs",
      "type": "logs"
    }
  ],
  "refresh": "10s",
  "schemaVersion": 26,
  "style": "dark",
  "tags": [
    "quarkus",
    "microprofile",
    "jvm",
    "java"
  ],
  "templating": {
    "list": [
      {
        "current": {
          "selected": false,
          "text": "Thanos",
          "value": "Thanos"
        },
        "hide": 0,
        "includeAll": false,
        "label": "Datasource",
        "multi": false,
        "name": "DS_PROMETHEUS",
        "options": [],
        "query": "prometheus",
        "queryValue": "",
        "refresh": 1,
        "regex": "",
        "skipUrlSync": false,
        "type": "datasource"
      },
      {
        "allValue": null,
        "current": {
          "selected": false,
          "text": "mc-payment-channel-prod",
          "value": "mc-payment-channel-prod"
        },
        "datasource": "$DS_PROMETHEUS",
        "definition": "label_values(base_jvm_uptime_seconds, namespace)",
        "hide": 0,
        "includeAll": false,
        "label": "Namespace",
        "multi": false,
        "name": "namespace",
        "options": [],
        "query": "label_values(base_jvm_uptime_seconds, namespace)",
        "refresh": 2,
        "regex": "",
        "skipUrlSync": false,
        "sort": 1,
        "tagValuesQuery": "",
        "tags": [],
        "tagsQuery": "",
        "type": "query",
        "useTags": false
      },
      {
        "allValue": null,
        "current": {
          "selected": false,
          "text": "info",
          "value": "info"
        },
        "datasource": "$DS_PROMETHEUS",
        "definition": "label_values(base_jvm_uptime_seconds{namespace=\"$namespace\"}, service)",
        "hide": 0,
        "includeAll": false,
        "label": "Service",
        "multi": false,
        "name": "service",
        "options": [],
        "query": "label_values(base_jvm_uptime_seconds{namespace=\"$namespace\"}, service)",
        "refresh": 2,
        "regex": "",
        "skipUrlSync": false,
        "sort": 1,
        "tagValuesQuery": "",
        "tags": [],
        "tagsQuery": "",
        "type": "query",
        "useTags": false
      },
      {
        "allFormat": "glob",
        "allValue": null,
        "current": {
          "selected": false,
          "text": "prod",
          "value": "prod"
        },
        "datasource": "$DS_PROMETHEUS",
        "definition": "label_values(base_jvm_uptime_seconds{namespace=\"$namespace\", service=\"$service\"}, env)",
        "hide": 0,
        "includeAll": false,
        "label": "Environment",
        "multi": false,
        "multiFormat": "glob",
        "name": "env",
        "options": [],
        "query": "label_values(base_jvm_uptime_seconds{namespace=\"$namespace\", service=\"$service\"}, env)",
        "refresh": 2,
        "regex": "",
        "skipUrlSync": false,
        "sort": 0,
        "tagValuesQuery": "",
        "tags": [],
        "tagsQuery": "",
        "type": "query",
        "useTags": false
      },
      {
        "allFormat": "glob",
        "allValue": null,
        "current": {
          "selected": false,
          "text": "info-655bccf8bc-4q9d4",
          "value": "info-655bccf8bc-4q9d4"
        },
        "datasource": "$DS_PROMETHEUS",
        "definition": "label_values(base_jvm_uptime_seconds{namespace=\"$namespace\", service=\"$service\", env=\"$env\"}, pod)",
        "hide": 0,
        "includeAll": false,
        "label": "Instance",
        "multi": false,
        "multiFormat": "glob",
        "name": "instance",
        "options": [],
        "query": "label_values(base_jvm_uptime_seconds{namespace=\"$namespace\", service=\"$service\", env=\"$env\"}, pod)",
        "refresh": 2,
        "regex": "",
        "skipUrlSync": false,
        "sort": 0,
        "tagValuesQuery": "",
        "tags": [],
        "tagsQuery": "",
        "type": "query",
        "useTags": false
      }
    ]
  },
  "time": {
    "from": "now-1h",
    "to": "now"
  },
  "timepicker": {
    "now": true,
    "refresh_intervals": [
      "10s",
      "30s",
      "1m"
    ],
    "time_options": [
      "5m",
      "15m",
      "1h",
      "6h",
      "12h",
      "24h",
      "2d",
      "7d",
      "30d"
    ]
  },
  "timezone": "browser",
  "title": "Quarkus Metrics",
  "uid": "VRxT0ojZz",
  "version": 6
}